{
  "distribution": "pareto",
  "parameter": 1.55555556689,
  "sample_size": 100,
  "sample": [
    1.1173750044869228,
    1.4055534387791906,
    2.7155859154383686,
    1.2861820800776336,
    1.990318529399031,
    1.593117743089132,
    1.6248295834127997,
    1.6851856636390175,
    3.143183696771136,
    1.2025071374584646,
    1.031426467568861,
    3.5206599282918978,
    2.098445039215798,
    1.3206227523925647,
    1.1001431488878293,
    4.31926380321889,
    2.2388479539955415,
    1.1812125841081134,
    10.900469070158593,
    1.1472846461854176,
    1.5270262843930535,
    1.2399323136122633,
    1.0142273621514184,
    1.1990591832816797,
    1.0316911640593693,
    1.0694050323446624,
    1.5879203488928817,
    1.550975380933141,
    1.2002579542542577,
    1.1377738177244217,
    2.149886408167867,
    1.604619020823288,
    1.454204397481088,
    1.3804798141085353,
    1.8773189398693684,
    1.5023579582754,
    1.0902404211199193,
    2.358848651950424,
    1.0210742716581098,
    1.0035782453711979,
    1.0345068539799682,
    2.575200644799759,
    1.103937165153477,
    1.7923290294267031,
    1.8577360508263696,
    1.4378992561827888,
    1.2235859499182105,
    2.145009968760731,
    1.1179272897770296,
    1.5632362086040266,
    1.7823369257917554,
    1.1937724812046056,
    1.6490990058673591,
    1.8213391270967354,
    1.3478001572899347,
    1.494761449179307,
    1.6738716271686382,
    1.6734758968318204,
    4.368613021386625,
    1.150710451118131,
    1.026031253955428,
    2.2310143951837103,
    1.7470806352554185,
    1.262152129625003,
    3.055965544140012,
    1.5655164219953808,
    2.9175410141404097,
    2.170520473156814,
    1.164597522010451,
    7.824637455189153,
    3.632374396364662,
    1.621327171146349,
    1.1716134715895057,
    1.1823563663022738,
    1.8224233257914781,
    1.1139269486887784,
    1.6393343968373217,
    1.1657848329865013,
    6.191335339825277,
    3.082615108970784,
    2.006368367153452,
    1.2172479821186786,
    1.874743467659527,
    24.426487872558642,
    1.9236339331152215,
    6.368935026953949,
    1.3804908929679232,
    1.4210336472512364,
    2.045808695011875,
    1.2582504824202323,
    8.174629752316164,
    2.183029272372473,
    3.5032648169602623,
    1.1880706771064364,
    1.1219422522659945,
    4.864861411066504,
    1.079198933969442,
    1.4129574242677265,
    7.397193754565188,
    1.0087672797146818
  ]
}